PID	rs:1.0000000	rs:0.985915493	rs:0.9718309859	rs:0.9577464789	rs:0.9436619718	rs:0.9295774648	rs:0.9154929577	rs:0.9014084507	rs:0.8873239437	rs:0.8732394366	rs:0.8591549296	rs:0.8450704225	rs:0.8309859155	rs:0.8169014085	rs:0.8028169014	rs:0.7887323944	rs:0.7746478873	rs:0.7605633803	rs:0.7464788732	rs:0.7323943662	rs:0.7183098592	rs:0.7042253521	rs:0.6901408451	rs:0.676056338	rs:0.661971831	rs:0.6478873239	rs:0.6338028169	rs:0.6197183099	rs:0.6056338028	rs:0.5915492958	rs:0.5774647887	rs:0.5633802817	rs:0.5492957746	rs:0.5352112676	rs:0.5211267606	case.control
A-000899-7	1	1	1	1	1	1	1	2	1	1	1	1	1	1	1	1	1	1	1	1	1	1	1	1	1	1	1	1	1	1	1	1	1	1	1	1
A-000989-6	2	1	1	1	1	1	1	1	1	1	1	1	1	1	1	1	1	1	1	1	1	1	1	1	1	1	1	1	1	1	1	1	1	1	1	1
A-001799-8	1	1	1	0	1	1	0	0	1	1	0	0	0	1	1	1	1	1	0	1	0	0	0	0	1	0	0	0	0	1	1	0	1	0	0	0
A-001889-7	1	1	0	1	0	1	1	1	1	1	0	0	1	1	1	1	1	0	1	1	0	1	0	1	1	0	0	0	1	0	1	1	1	1	0	0
A-001898-8	1	1	1	1	1	1	1	0	1	1	1	0	1	1	1	1	0	1	0	0	0	1	1	0	0	1	1	0	1	0	0	0	0	1	0	0
A-001979-6	1	1	1	1	1	1	1	1	1	1	1	1	0	0	1	1	1	1	1	1	0	1	0	1	0	1	0	0	1	1	1	1	0	1	1	0
A-001988-7	1	1	1	1	0	1	0	1	1	0	0	1	1	1	0	1	1	1	1	1	1	1	1	1	1	1	1	1	1	0	1	1	0	1	0	0
A-002699-9	1	1	1	2	1	1	1	1	1	1	1	1	1	1	1	1	1	1	1	1	0	1	1	0	1	1	2	1	0	1	1	1	1	1	1	1
A-002789-8	1	1	1	1	1	1	0	1	1	1	1	1	1	1	0	1	1	1	1	1	0	1	1	1	1	1	1	1	1	1	1	1	1	1	1	1
A-002879-7	1	1	1	1	1	1	1	1	1	1	1	1	1	0	0	1	1	1	0	1	1	2	0	1	1	1	1	1	1	0	1	1	1	1	1	1
A-002996-9	1	1	1	1	1	1	1	1	1	1	1	1	0	1	1	0	1	1	1	1	1	1	1	1	1	1	1	1	1	1	1	1	1	1	1	1
A-003599-0	0	1	1	1	1	1	1	1	1	1	1	1	0	1	1	1	1	1	0	1	1	1	0	1	0	1	0	0	1	0	1	0	1	1	0	0
A-003698-0	1	0	1	1	1	1	1	1	0	1	1	0	0	1	1	1	0	1	1	1	1	1	1	0	1	1	1	1	0	1	1	0	0	1	0	0
A-003779-8	1	1	1	0	0	1	1	1	1	0	1	0	0	0	1	0	1	0	0	0	1	1	1	0	1	1	1	0	0	1	0	0	0	0	1	0
A-003788-9	1	1	0	1	1	0	1	1	1	0	1	1	1	1	1	1	1	1	1	1	1	1	1	1	1	1	1	0	1	1	0	1	1	1	1	1
A-003797-0	1	0	1	1	1	0	1	0	1	0	0	1	0	0	0	1	0	1	0	0	1	1	0	0	0	0	1	1	1	1	1	1	0	0	0	0
A-003878-8	0	0	0	0	1	1	1	1	1	1	1	1	0	1	1	1	1	1	1	1	1	0	0	0	0	0	0	1	0	0	1	0	1	0	0	0
A-003887-9	1	1	0	1	1	1	1	1	0	1	1	1	0	1	0	1	1	0	1	0	0	1	1	1	1	1	1	0	0	1	1	0	1	1	1	0
A-003968-7	1	1	1	1	0	1	1	0	1	0	1	1	0	0	1	1	0	0	0	1	0	0	0	1	0	1	0	1	1	1	1	0	1	1	1	0
A-003986-9	1	1	0	1	1	0	0	0	0	0	1	0	1	1	1	0	0	0	1	1	1	0	0	0	1	1	1	1	1	1	0	1	1	1	0	0
A-003995-0	1	1	1	2	1	2	1	1	1	1	1	1	1	1	1	1	1	1	1	1	1	1	1	1	1	0	1	1	1	1	1	1	1	1	1	1
A-004598-1	1	1	1	2	1	0	1	1	1	1	1	1	1	1	1	1	0	1	1	0	1	1	1	1	1	1	1	1	1	1	1	1	1	1	0	1
A-004679-9	0	1	0	1	1	1	1	0	1	1	1	1	1	1	0	1	1	1	1	1	1	1	1	1	1	1	1	1	1	0	1	1	1	1	1	1
A-004697-1	1	0	1	1	1	0	1	0	1	1	0	1	1	1	0	0	0	0	1	1	1	0	0	1	0	0	1	1	1	0	0	0	0	0	0	0
A-004868-8	1	1	1	1	1	1	1	2	1	2	1	1	1	2	1	1	1	1	0	1	1	1	1	0	1	1	1	1	1	1	1	0	1	1	1	1
A-004877-9	1	1	1	0	1	1	1	1	0	1	1	1	1	0	1	0	0	1	1	0	1	1	1	0	0	1	0	1	1	0	1	1	1	0	0	0
A-004886-0	1	0	1	1	1	1	1	1	0	1	0	1	0	1	1	0	0	1	0	1	0	1	1	0	1	1	0	0	1	1	1	1	0	1	0	0
A-004895-1	1	1	1	2	1	1	0	1	1	2	1	0	1	1	1	1	1	1	1	1	1	2	1	1	1	1	1	1	1	1	1	1	1	1	1	1
A-004949-6	0	1	1	0	0	1	1	1	1	0	1	1	1	1	1	1	1	0	1	1	1	1	1	1	1	1	0	1	0	0	0	0	0	0	0	0
A-004967-8	1	1	1	1	1	1	1	1	1	1	1	1	1	1	1	1	1	1	1	1	1	1	1	1	0	1	1	1	1	1	1	1	1	1	0	1
A-005399-2	1	1	1	0	2	1	0	1	1	0	1	0	1	1	1	1	1	1	1	1	0	1	1	1	1	1	1	1	1	1	1	1	1	1	1	1
A-005489-1	1	0	0	1	0	1	1	1	0	0	1	1	1	1	0	1	0	0	1	1	1	1	1	0	1	1	0	0	1	0	1	0	0	1	1	0
A-005579-0	0	1	1	1	0	0	1	0	0	0	1	0	1	0	1	0	1	1	1	1	0	1	0	1	1	0	1	0	1	0	1	1	1	0	1	0
A-005597-2	1	1	1	1	1	1	1	1	1	1	1	1	0	1	1	1	1	1	1	1	1	1	1	1	1	1	1	1	1	1	1	1	1	1	1	1
A-005669-9	1	1	2	1	1	1	1	1	1	1	2	1	1	0	1	1	1	1	1	1	1	1	1	1	1	1	1	1	1	1	1	1	2	1	1	1
A-005678-0	1	2	1	1	1	1	1	1	1	1	1	1	1	1	0	0	1	1	1	1	1	1	2	1	1	1	1	1	1	1	1	1	1	1	1	1
A-005696-2	1	1	0	1	1	1	1	1	1	1	1	1	1	1	1	1	1	1	0	1	1	1	1	1	1	1	1	0	0	1	1	1	1	0	1	1
A-005777-0	1	1	1	0	1	1	1	1	1	1	2	1	1	1	1	1	0	1	1	1	0	1	1	1	0	1	1	1	1	1	0	1	1	1	1	1
A-005795-2	1	1	1	0	0	1	0	1	0	1	0	1	0	1	0	1	1	0	1	0	0	0	1	1	1	0	0	1	0	1	1	1	0	0	0	0
A-005858-8	1	1	1	1	1	0	1	0	1	1	1	1	0	1	0	1	0	1	0	1	0	1	1	1	1	1	1	1	0	1	1	0	0	1	1	0
A-005876-0	1	1	0	1	1	1	1	0	1	1	1	1	1	1	1	0	1	1	1	0	0	1	1	1	1	0	0	1	1	0	0	0	1	1	1	0
A-005948-7	1	1	1	1	1	1	1	1	1	1	1	0	1	0	0	0	1	1	1	0	0	1	1	1	1	0	0	0	0	1	0	1	1	1	0	0
A-005966-9	1	1	1	1	1	1	1	1	1	1	1	1	1	1	1	1	1	1	1	1	1	1	1	1	1	1	1	1	1	0	1	1	0	1	1	1
A-005975-0	0	1	1	1	1	2	0	1	1	1	1	1	1	1	0	1	1	1	1	1	1	1	1	0	1	0	1	1	1	1	1	1	1	0	1	1
A-005984-1	2	1	0	1	1	1	1	1	1	1	1	1	1	1	1	1	1	1	1	1	1	1	1	1	0	1	0	1	1	1	1	1	1	0	0	1
A-005993-2	1	1	1	1	0	1	1	1	1	1	1	0	2	1	1	1	1	1	1	1	1	1	1	1	1	1	1	1	1	1	1	1	1	1	1	1
A-006299-3	1	1	0	1	1	1	1	0	1	1	0	1	0	1	1	0	1	1	1	1	1	0	0	0	1	1	0	0	1	0	1	1	0	1	0	0
A-006389-2	1	1	1	1	0	0	0	1	1	1	1	0	1	1	1	1	1	0	1	1	1	1	0	1	0	0	0	0	0	1	0	0	1	1	1	0
A-006398-3	1	1	1	1	1	1	1	2	1	1	1	1	2	0	1	0	1	1	0	0	0	1	1	1	1	1	1	1	1	1	1	1	1	1	1	1
A-006479-1	0	0	1	1	1	0	1	1	1	0	1	0	1	0	0	0	1	0	1	0	1	0	0	0	1	1	0	1	1	0	1	0	0	0	1	0
A-006488-2	1	0	1	0	1	1	0	1	1	1	1	0	0	1	0	1	0	1	1	1	1	0	0	1	1	0	1	1	1	1	1	0	1	1	0	0
A-006569-0	1	1	1	1	1	0	1	0	0	0	0	0	1	0	0	1	0	1	0	1	0	1	1	1	0	1	1	1	0	1	0	0	1	1	1	0
A-006578-1	0	1	1	0	1	0	0	1	1	1	0	1	1	0	0	0	1	0	0	1	0	0	1	0	1	1	1	0	0	1	1	1	0	1	0	0
A-006596-3	1	1	1	1	0	1	1	1	1	1	1	0	1	1	0	2	1	1	1	1	1	1	1	1	1	1	0	1	1	1	1	0	1	1	1	1
A-006659-9	1	2	1	1	1	1	1	1	1	1	1	1	1	1	1	1	1	1	1	1	1	1	1	0	1	1	1	1	1	1	2	1	0	0	1	1
A-006677-1	1	1	1	1	1	1	1	1	1	1	1	1	1	1	1	1	1	1	1	1	1	1	1	0	2	1	1	0	0	1	1	1	1	1	1	1
A-006767-0	1	0	1	1	1	1	1	1	1	1	1	1	1	0	1	1	1	0	1	1	0	0	1	0	1	1	1	0	1	1	1	1	0	1	1	0
A-006848-8	1	1	1	1	1	0	1	1	0	1	1	1	0	1	0	1	0	0	1	1	1	1	1	0	1	0	1	0	1	1	1	0	0	0	1	0
A-006884-2	1	1	1	1	1	1	1	1	1	1	1	1	0	1	1	1	1	1	1	1	1	1	1	1	1	1	2	1	1	1	1	0	1	1	1	1
A-006893-3	1	1	1	1	1	1	1	1	1	1	1	1	1	1	1	1	1	1	1	1	1	1	0	0	0	0	1	1	1	1	1	0	1	1	1	1
A-006965-0	1	1	1	1	1	0	0	0	1	1	1	1	1	0	1	0	1	1	0	1	1	1	1	1	1	1	0	0	0	0	1	1	0	0	1	0
A-006992-3	1	0	1	1	1	0	0	0	1	1	1	1	1	0	1	1	1	0	0	1	1	0	1	1	0	0	0	1	0	0	1	1	1	1	0	0
A-007199-4	1	1	1	1	1	1	1	1	1	1	1	1	1	1	1	1	1	0	1	0	1	1	1	2	1	1	1	0	2	1	1	0	1	1	1	1
A-007298-4	0	1	1	1	1	1	1	1	1	1	1	0	1	1	1	1	1	0	1	1	1	1	0	0	1	0	1	1	0	1	0	1	1	1	1	0
A-007478-2	1	1	1	1	1	1	1	1	1	1	1	1	1	1	1	1	2	1	1	1	1	1	1	1	0	1	1	1	1	0	1	1	1	1	1	1
A-007487-3	1	0	1	0	1	1	1	0	1	1	0	1	1	1	1	0	0	1	1	1	1	0	1	1	1	1	0	0	1	0	0	1	1	0	0	0
A-007496-4	1	2	1	1	1	1	1	2	1	1	0	1	1	1	1	1	1	1	1	1	1	1	1	0	0	1	1	1	1	0	1	1	1	1	0	1
A-007568-1	0	1	0	0	1	1	0	1	1	1	0	1	0	1	1	0	0	1	0	1	1	1	1	1	1	1	1	1	1	1	0	1	1	1	1	0
A-007577-2	1	1	1	1	1	1	1	1	1	1	1	1	1	0	1	1	1	1	1	1	1	1	1	1	1	0	1	1	1	1	1	1	0	1	1	1
A-007658-0	1	1	1	1	1	1	1	2	1	1	1	1	1	1	1	2	1	1	1	1	1	1	1	1	1	1	1	1	1	1	1	1	1	1	1	1
A-007667-1	1	1	1	1	1	1	1	1	1	1	1	1	1	1	1	1	1	1	0	1	0	1	1	1	1	1	1	1	1	1	1	1	0	1	1	1
A-007694-4	1	0	0	1	0	1	1	1	0	1	1	1	0	1	1	0	0	1	1	1	0	1	0	0	1	1	1	1	1	1	0	1	0	1	1	0
A-007748-9	1	0	1	0	0	0	0	1	1	1	1	1	1	0	0	1	1	0	1	0	1	1	1	1	0	1	0	1	1	0	0	1	1	1	1	0
A-007757-0	1	1	1	1	1	1	1	1	1	1	0	1	1	1	1	1	1	1	1	1	1	1	0	1	1	1	1	1	1	1	1	1	1	1	0	1
A-007784-3	0	1	1	0	0	1	1	1	0	0	0	0	1	1	0	1	1	1	0	1	0	1	1	1	1	1	0	1	0	0	0	1	0	0	0	0
A-007829-7	1	1	1	2	1	1	1	1	1	1	1	1	1	1	2	1	1	2	0	1	1	1	1	1	1	1	0	1	1	1	0	1	1	1	1	1
A-007847-9	1	1	0	1	1	1	1	1	1	1	1	1	1	0	1	1	1	1	1	0	1	1	0	1	1	1	0	0	1	1	1	0	1	1	1	1
A-007856-0	1	1	1	1	1	0	1	1	1	1	1	1	1	0	1	0	1	1	0	0	1	1	0	1	0	0	0	0	0	1	1	1	0	1	1	0
A-007874-2	0	0	0	1	0	1	1	1	1	1	1	0	0	1	1	1	1	1	0	1	1	0	0	1	1	1	1	0	1	1	1	1	1	0	0	0
A-007919-6	1	1	1	1	1	0	1	1	1	1	0	0	1	0	0	1	1	0	1	0	0	0	1	0	1	0	1	1	0	1	1	0	1	1	1	0
A-007937-8	1	1	1	0	1	1	1	1	1	1	1	1	1	1	1	1	1	1	1	1	1	1	1	1	1	0	1	1	1	1	1	1	1	1	1	1
A-007973-2	1	1	0	1	0	1	0	0	1	1	0	0	1	0	0	0	0	0	0	1	0	1	1	1	1	1	1	1	1	0	1	1	0	0	1	0
A-008198-5	0	1	1	1	1	1	1	1	1	0	1	1	1	0	1	1	1	1	0	1	1	0	0	0	0	1	0	1	1	1	1	0	0	0	1	0
A-008279-3	1	1	1	1	1	1	1	1	1	1	1	1	1	1	1	1	1	2	1	1	1	1	1	1	0	1	1	1	1	1	1	1	1	1	1	1
A-008369-2	0	0	0	1	1	1	1	1	0	1	1	0	1	1	1	0	0	0	1	1	1	0	0	0	1	1	1	0	1	1	1	1	1	0	0	0
A-008387-4	1	1	1	1	0	0	1	1	1	1	1	0	1	1	1	1	2	1	1	1	1	0	1	0	1	1	0	1	1	1	1	1	1	1	1	1
A-008396-5	1	1	1	1	1	0	2	1	1	1	1	1	1	1	0	1	1	1	1	1	1	1	1	1	1	1	1	1	1	1	1	1	0	1	1	1
A-008495-5	1	1	1	1	0	1	1	0	0	1	1	1	0	0	1	1	1	1	1	1	1	1	1	1	0	0	0	1	1	0	0	0	1	1	0	0
A-008558-1	1	1	2	1	1	0	1	1	1	1	1	1	1	1	1	1	1	0	1	1	1	1	0	1	1	1	1	1	1	1	1	1	1	1	1	1
A-008648-0	0	1	1	0	1	0	1	0	1	0	0	0	0	0	0	1	1	1	0	1	0	1	0	1	0	1	0	1	1	1	0	0	0	0	0	0
A-008666-2	1	1	0	0	1	1	1	1	1	1	1	1	1	1	1	1	1	1	1	0	1	0	1	1	1	1	1	0	1	1	1	0	1	0	0	0
A-008684-4	2	1	1	1	1	1	1	1	2	1	1	1	1	1	0	1	1	1	1	1	1	1	1	1	1	1	1	1	1	1	1	1	0	1	1	1
A-008747-0	1	1	0	0	1	1	1	1	1	1	1	1	1	0	1	0	1	1	0	1	0	1	0	1	0	1	1	0	0	1	1	0	0	1	0	0
A-008765-2	1	0	1	1	1	1	1	1	0	1	0	1	1	1	1	1	2	1	1	1	1	2	1	1	1	1	1	1	1	1	0	1	1	1	1	1
A-008783-4	0	1	0	1	1	1	1	1	1	1	0	0	1	1	1	1	1	1	1	1	0	1	0	1	1	0	0	1	1	1	0	0	1	1	1	0
A-008792-5	1	1	1	0	0	0	0	1	1	0	1	1	0	1	1	0	0	1	1	0	1	1	0	1	0	1	1	0	1	1	1	1	0	0	1	0
A-008828-8	1	1	1	1	1	1	1	0	1	1	1	1	2	1	2	1	0	1	0	1	1	1	1	1	1	1	1	2	0	1	1	1	0	1	1	1
A-008837-9	0	1	1	0	1	1	1	1	1	1	1	1	1	1	1	0	0	0	1	0	1	0	0	1	0	1	0	0	0	1	0	0	0	0	1	0
A-008846-0	1	1	1	1	1	1	1	1	2	1	1	1	1	1	1	1	1	1	1	0	1	1	1	1	1	1	1	1	1	1	1	1	1	1	1	1
A-008864-2	1	1	1	1	0	2	1	1	1	1	1	1	1	1	1	1	1	1	1	1	1	0	1	1	0	1	1	1	1	1	1	1	0	0	1	1
A-008873-3	1	1	1	1	1	1	1	1	1	1	1	1	1	1	0	1	1	1	1	1	2	1	1	1	1	1	1	2	1	1	1	1	1	2	1	1
A-008891-5	1	0	1	1	0	1	1	1	1	1	0	1	1	0	0	1	1	0	0	1	1	1	1	1	1	1	1	0	1	0	0	1	0	1	0	0
A-008909-6	1	0	1	1	1	1	1	1	1	1	1	1	1	1	1	1	1	1	1	1	1	1	1	1	1	1	1	1	1	1	1	1	1	1	1	1
A-008918-7	0	1	1	1	1	1	1	1	1	1	1	1	1	1	1	0	1	0	1	1	1	1	1	1	1	1	1	1	1	1	1	0	1	1	0	0
A-008927-8	1	0	1	1	0	1	0	1	0	0	1	1	0	1	1	0	1	0	0	1	1	1	0	0	0	1	1	0	0	1	1	1	0	1	1	0
A-008945-0	1	0	1	0	0	1	1	1	1	1	1	0	0	0	1	1	0	1	1	1	0	0	0	1	0	1	1	1	1	0	1	0	1	0	0	0
A-008954-1	1	1	1	1	1	0	1	1	1	1	0	1	1	1	1	1	1	1	1	1	1	1	1	1	1	1	1	1	1	1	1	1	0	1	1	1
A-008963-2	1	1	1	1	0	1	1	1	1	0	1	0	1	1	1	0	0	1	1	1	0	0	1	1	1	1	0	0	1	0	1	0	1	1	1	0
A-008972-3	1	0	1	0	0	0	1	1	1	1	1	0	1	1	1	1	0	1	1	1	1	0	1	1	0	1	1	1	1	0	0	0	0	1	1	0
A-008981-4	0	1	1	1	1	1	1	2	1	1	1	1	1	1	1	1	1	1	1	1	1	1	1	1	1	1	1	2	1	1	1	1	1	1	1	1
A-008990-5	1	1	0	1	1	1	0	1	1	0	1	0	1	1	0	1	1	0	1	1	0	1	1	1	0	1	1	0	1	0	0	0	1	1	0	0
A-009089-5	1	1	1	1	1	1	1	1	1	1	1	1	1	1	1	1	1	1	1	1	1	1	1	1	1	0	1	1	0	1	1	1	1	1	0	1
A-009098-6	1	1	1	1	1	1	1	1	1	1	2	2	1	1	1	1	1	1	1	1	1	1	1	0	1	1	0	1	0	1	1	1	0	1	1	1
A-009188-5	2	1	1	1	1	1	1	1	1	1	1	0	1	1	1	1	0	1	1	1	1	1	0	1	1	1	1	1	1	1	1	1	1	1	1	1
A-009269-3	1	0	1	1	1	1	0	1	0	1	0	1	1	1	1	1	1	1	1	1	0	0	0	1	1	0	1	1	1	0	0	1	1	0	1	0
A-009278-4	0	1	1	1	0	0	1	1	1	1	1	1	0	1	0	1	1	1	0	0	0	1	0	0	1	1	0	0	1	0	1	0	0	1	0	0
A-009359-2	1	1	1	1	1	2	1	1	1	1	2	1	1	1	1	1	1	1	1	1	1	1	1	1	1	0	1	1	1	1	1	1	1	0	1	1
A-009368-3	1	1	1	0	1	1	1	0	1	1	1	1	1	1	0	0	1	0	1	0	1	1	1	1	0	0	0	1	1	1	1	1	0	0	1	0
A-009377-4	0	1	1	0	1	1	1	1	0	1	1	0	1	0	0	1	1	1	1	1	0	1	1	0	0	0	0	1	1	0	0	0	1	0	0	0
A-009386-5	1	1	1	1	0	1	0	0	0	1	1	1	1	1	1	1	1	0	0	1	1	1	0	1	0	0	1	0	0	1	1	1	1	1	1	0
A-009467-3	1	1	1	1	1	1	1	1	1	1	1	1	1	1	1	0	2	1	1	1	1	1	1	1	1	1	1	1	1	1	1	1	1	1	1	1
A-009476-4	1	1	1	1	1	1	1	1	0	0	1	0	1	0	1	0	0	1	1	0	1	1	1	1	0	0	0	1	1	0	1	1	0	0	0	0
A-009548-1	1	1	1	1	1	1	1	2	1	1	1	1	1	1	0	1	1	1	1	1	0	1	1	1	1	1	1	1	1	1	1	1	1	0	1	1
A-009566-3	1	1	1	1	1	1	0	2	1	1	1	1	1	1	1	1	1	1	1	1	0	1	1	1	1	0	1	1	1	1	1	1	1	1	1	1
A-009584-5	1	1	1	0	1	0	1	0	1	0	1	1	1	0	1	1	1	0	1	1	1	0	0	0	0	0	0	1	1	0	0	0	1	1	0	0
A-009629-9	1	1	0	1	1	1	1	1	0	1	1	1	1	2	1	1	1	1	1	1	1	1	1	1	0	2	1	1	1	1	1	1	1	1	0	1
A-009647-1	1	0	1	0	1	0	1	1	0	1	0	0	1	1	1	1	0	1	1	1	1	1	1	1	0	1	0	1	1	0	1	0	1	0	0	0
A-009674-4	1	1	1	1	0	0	1	1	1	0	1	1	0	0	1	1	1	1	1	1	1	1	1	1	0	1	0	0	0	0	1	1	0	0	0	0
A-009683-5	1	0	1	1	2	1	0	1	0	1	0	1	1	0	1	1	1	1	1	1	1	1	1	1	1	1	1	1	1	1	1	0	1	0	1	1
A-009692-6	0	1	0	1	1	1	1	1	1	1	1	1	1	1	1	1	1	1	0	1	1	1	1	0	1	1	1	0	1	0	1	1	1	1	1	1
A-009719-8	1	1	1	1	1	1	1	1	1	1	1	1	1	1	1	0	1	1	0	1	1	1	1	1	0	1	0	1	1	1	0	0	1	1	1	1
A-009728-9	1	2	1	0	1	1	1	1	1	1	1	1	1	1	1	1	1	1	1	0	1	1	1	1	0	1	1	1	1	1	1	1	1	1	1	1
A-009737-0	1	1	1	1	0	1	1	1	1	1	1	1	1	1	1	1	1	1	1	1	1	1	1	0	1	1	0	1	1	1	0	1	0	0	1	0
A-009755-2	1	0	0	0	0	1	1	1	0	1	1	0	1	0	0	1	0	1	1	0	0	1	1	0	0	1	1	0	0	1	0	0	0	0	0	0
A-009773-4	1	1	1	1	1	2	1	1	1	1	1	1	1	1	1	0	0	1	1	1	0	1	1	1	1	1	1	1	1	1	0	1	0	0	1	1
A-009791-6	0	1	1	0	1	1	1	1	1	0	1	0	1	1	0	0	1	1	1	0	0	1	0	1	1	1	0	1	1	0	0	1	1	0	1	0
A-009836-0	1	1	1	1	1	1	1	1	0	1	1	1	2	1	1	1	1	1	1	1	1	1	1	1	0	0	1	1	1	1	1	1	1	1	1	1
A-009845-1	1	1	1	1	1	1	1	1	1	1	1	0	1	1	1	1	1	1	1	1	1	1	1	1	1	1	1	0	1	1	1	1	1	1	1	1
A-009854-2	1	1	1	0	1	1	1	1	1	0	1	1	1	1	0	1	1	1	1	0	1	0	0	1	0	1	1	1	1	1	1	1	0	0	0	0
A-009863-3	1	1	1	1	1	1	0	1	0	0	1	1	0	0	1	1	1	1	0	1	1	1	1	1	1	1	0	0	0	0	1	1	0	1	1	0
A-009881-5	1	1	2	1	1	1	1	1	1	1	1	1	1	1	1	1	1	1	1	1	1	1	1	1	1	1	1	1	0	1	1	1	1	1	1	1
A-009890-6	1	1	1	1	1	1	1	1	1	1	1	1	1	1	1	1	0	1	1	1	1	1	1	1	1	1	1	1	0	1	0	1	1	1	1	1
A-009971-4	1	1	1	1	1	1	1	1	1	0	1	1	1	1	1	1	0	1	0	1	1	1	1	1	1	1	1	1	1	1	1	1	1	1	1	1
A-010799-7	1	1	1	1	1	1	1	1	1	1	0	1	1	1	1	1	1	0	1	1	1	1	1	1	1	1	1	1	1	1	1	1	1	1	1	1
A-010898-7	1	1	0	1	1	1	1	1	0	1	1	1	1	1	0	1	1	1	1	1	0	1	1	1	0	0	1	0	0	0	1	1	1	1	0	0
A-010988-6	1	1	1	1	0	0	1	1	0	1	1	0	1	1	0	1	1	1	1	0	1	1	1	1	0	1	1	1	0	0	1	1	0	0	1	0
A-010997-7	1	0	1	1	1	1	0	1	1	0	1	1	1	1	1	1	1	1	1	1	1	0	0	0	1	1	0	1	1	0	0	0	1	0	0	0
A-011699-8	1	0	1	1	1	0	0	1	0	1	1	0	1	1	0	1	0	1	1	0	0	1	1	1	1	0	0	0	1	1	1	0	0	1	0	0
A-011888-7	1	0	1	1	1	1	1	1	1	2	0	1	1	1	1	1	1	1	1	1	1	1	1	1	1	1	1	1	1	1	1	1	1	1	1	1
A-011978-6	1	1	2	1	1	1	1	2	1	1	1	1	1	1	1	1	1	1	1	1	1	1	1	1	1	1	1	1	1	1	0	1	1	1	1	1
A-011996-8	1	1	1	1	1	0	1	1	1	0	0	0	1	0	0	1	1	1	1	0	0	1	1	1	0	1	1	1	1	1	1	0	0	0	1	0
A-012689-8	2	1	1	2	2	1	1	1	2	1	1	1	1	1	1	1	1	1	1	1	1	1	1	1	1	1	1	1	1	1	2	1	1	1	1	1
A-012698-9	1	1	1	1	2	1	1	1	1	1	0	1	1	1	1	1	1	1	1	1	1	1	1	1	1	1	1	0	1	1	1	1	1	1	1	1
A-012779-7	1	0	0	1	0	1	1	1	1	0	1	1	0	1	1	1	1	0	1	1	1	1	1	0	1	1	1	1	1	0	1	1	1	0	0	0
A-012869-6	0	0	1	1	1	1	1	0	0	1	0	1	0	1	1	1	0	1	1	0	1	0	0	1	0	0	1	1	1	1	1	1	1	1	1	0
A-012878-7	0	0	1	0	0	1	1	1	0	0	1	1	1	1	1	0	1	1	1	1	1	1	1	1	1	1	1	1	1	0	0	1	1	0	1	0
A-012896-9	1	1	1	1	0	0	1	1	1	1	1	1	1	1	1	0	1	1	1	0	0	0	0	1	1	1	0	1	0	0	0	0	0	1	1	0
A-012968-6	0	1	1	1	1	0	1	1	1	1	1	1	1	0	0	1	1	0	1	1	1	1	1	1	0	1	0	1	1	0	1	0	1	1	0	0
A-012995-9	2	1	1	1	2	0	1	1	1	1	1	1	1	1	1	1	1	1	1	1	1	1	1	1	1	1	0	1	0	1	1	1	1	1	1	1
A-013499-0	1	1	1	1	1	1	1	1	1	1	1	1	1	1	1	1	1	2	1	1	1	1	1	1	1	1	1	1	1	1	1	1	1	1	1	1
A-013688-9	1	1	0	1	1	1	1	1	1	1	1	1	1	1	1	1	1	1	1	1	1	1	1	1	1	1	1	1	1	1	1	1	1	1	1	1
A-013769-7	0	1	0	1	1	1	1	1	1	1	1	1	1	0	1	1	1	1	1	0	0	0	1	1	1	1	0	1	0	0	0	0	0	0	1	0
A-013787-9	0	1	1	1	1	1	1	1	0	1	1	1	1	1	1	1	0	1	1	1	1	1	1	1	1	1	1	2	1	1	1	1	1	1	1	1
A-013859-6	1	1	1	1	1	1	1	1	1	0	1	1	1	0	1	1	1	0	1	0	0	1	0	0	0	1	0	0	0	1	1	0	0	1	1	0
A-013877-8	1	1	0	1	1	1	1	1	1	2	1	1	1	1	0	1	1	1	1	1	1	2	1	1	1	1	1	1	0	1	1	1	1	1	1	1
A-013886-9	1	1	1	1	1	1	0	1	1	0	1	1	1	1	1	1	0	1	1	1	1	1	1	1	1	1	1	1	1	2	1	1	1	1	1	1
A-013895-0	1	1	2	1	1	1	1	1	0	1	1	0	1	1	1	0	1	1	1	1	1	1	1	1	1	1	1	0	0	1	1	1	1	1	0	1
A-013958-6	1	1	1	1	0	1	0	1	0	1	0	0	1	0	0	0	0	0	0	1	1	0	1	1	0	0	1	1	0	1	0	0	1	1	1	0
A-013967-7	1	1	1	1	1	0	1	1	1	1	0	1	1	0	1	0	1	0	0	1	0	1	0	1	1	1	1	1	1	1	0	1	1	0	0	0
A-013985-9	0	1	1	1	0	0	1	1	1	1	1	1	1	0	1	1	1	1	0	0	1	1	1	1	0	1	0	1	1	1	1	0	1	0	1	0
A-014399-1	1	1	1	1	1	1	0	1	1	1	1	0	1	1	0	0	0	1	0	0	1	0	0	1	1	1	1	0	0	1	0	0	0	1	0	0
A-014489-0	1	0	1	1	1	1	1	1	1	1	1	1	1	1	1	1	1	0	1	1	1	1	1	1	1	1	1	0	1	1	1	1	1	1	1	1
A-014498-1	1	1	1	1	1	1	1	1	1	0	1	2	1	1	1	1	1	1	1	0	1	1	1	1	0	1	1	1	1	1	1	1	0	1	0	1
A-014579-9	1	1	1	1	1	1	1	1	0	1	1	1	1	0	0	0	0	1	1	1	0	0	1	1	1	1	0	1	1	0	1	1	1	1	0	0
A-014588-0	1	1	1	1	0	1	1	1	0	0	0	1	1	0	1	0	0	1	1	1	1	1	0	1	1	1	0	0	0	0	1	0	1	1	1	0
A-014597-1	2	1	1	1	1	1	1	0	1	1	1	1	1	1	1	1	1	1	1	1	0	1	1	1	0	1	1	0	1	1	0	0	1	1	1	1
A-014669-8	0	1	1	1	1	0	0	1	1	0	1	1	1	1	1	1	1	0	1	0	0	0	1	1	1	0	0	1	1	0	0	1	1	1	0	0
A-014678-9	1	1	1	1	1	1	1	1	1	1	1	1	1	1	1	1	1	1	1	1	1	1	1	1	1	1	1	1	1	1	1	1	1	1	1	1
A-014687-0	1	1	1	1	1	1	1	1	1	0	1	1	1	1	0	1	1	1	0	1	0	1	0	0	1	1	1	1	1	1	1	0	1	1	0	0
A-014696-1	1	1	1	1	1	1	1	1	1	1	2	1	1	1	1	1	1	1	0	1	1	1	0	1	1	1	1	1	1	1	0	1	0	1	1	1
A-014759-7	1	0	1	0	1	0	1	1	1	1	0	0	0	1	1	1	1	1	1	0	1	0	0	1	0	0	1	1	0	1	1	1	0	1	1	0
A-014777-9	1	0	1	1	1	1	0	0	0	0	0	0	0	1	1	0	1	1	1	1	0	0	0	0	0	1	1	0	0	0	1	0	1	0	0	0
A-014786-0	0	0	0	1	1	1	1	1	0	1	1	1	1	0	1	1	1	1	1	1	0	0	1	1	0	1	0	1	1	1	0	0	1	1	1	0
A-014795-1	0	1	1	1	1	1	1	1	1	1	1	2	1	0	1	1	1	1	1	1	1	1	1	1	1	1	1	1	1	0	1	2	0	1	1	1
A-014849-6	1	1	1	1	0	0	1	0	0	0	0	1	0	1	1	1	1	0	1	1	0	1	0	0	1	1	0	1	1	0	1	0	0	1	0	0
A-014858-7	1	1	1	1	1	0	1	1	1	1	1	1	1	1	1	1	1	1	1	0	1	1	1	1	1	1	1	0	1	1	0	0	1	1	0	1
A-014876-9	1	0	1	0	1	1	0	0	1	0	1	0	1	0	0	0	0	1	0	1	1	0	1	0	1	1	0	1	1	1	0	1	1	0	0	0
A-014885-0	1	0	1	1	0	0	1	1	1	1	1	1	0	1	0	1	0	1	0	1	1	1	1	1	1	0	1	1	0	1	1	0	1	1	0	0
A-014948-6	1	0	1	1	1	1	0	1	0	0	1	0	1	1	1	1	1	1	0	0	0	0	1	1	1	1	1	1	0	1	1	1	1	1	1	0
A-014966-8	1	1	1	1	1	1	1	1	0	0	1	0	1	1	1	1	0	1	0	0	0	1	1	1	1	1	1	1	1	0	1	1	0	1	0	0
A-014975-9	1	1	1	1	1	0	1	1	1	1	1	0	1	0	1	2	1	1	1	1	1	1	1	1	1	0	1	0	1	1	1	1	1	1	1	1
A-015299-2	1	1	2	1	1	1	1	1	1	1	1	1	2	1	1	1	1	1	1	1	1	1	1	1	1	1	0	1	1	1	1	1	1	1	1	1
A-015389-1	0	0	1	0	1	1	1	1	1	1	1	1	1	0	0	1	1	0	1	1	0	1	0	0	1	0	0	0	0	1	1	0	0	0	1	0
A-015479-0	1	1	0	0	0	1	1	1	1	1	0	1	1	1	1	1	1	1	1	1	0	1	0	0	0	1	0	1	0	1	1	1	0	1	1	0
A-015497-2	1	1	1	1	1	1	1	1	1	1	1	1	1	1	1	1	1	1	1	1	1	1	1	1	1	1	1	0	1	1	1	1	1	1	1	1
A-015587-1	1	1	0	1	0	1	1	1	0	1	1	1	1	1	0	2	1	1	1	1	0	1	1	1	0	1	1	1	1	1	1	0	1	1	1	1
A-015668-9	1	1	1	1	1	1	1	1	1	0	1	1	1	1	1	1	0	1	1	1	0	1	0	1	1	1	1	1	0	1	1	1	1	0	1	0
A-015686-1	1	1	1	1	1	1	1	1	1	1	1	0	1	1	1	0	1	0	1	1	1	1	1	0	0	1	0	0	1	0	1	1	1	1	1	0
A-015785-1	0	1	0	0	1	1	1	0	1	1	0	0	1	0	0	0	1	0	0	0	0	1	1	1	0	1	1	0	1	1	1	0	1	0	1	0
A-015794-2	1	1	1	0	1	1	0	0	1	1	1	0	1	1	1	1	1	0	1	0	1	1	1	0	1	1	1	1	1	1	1	0	0	1	0	0
A-015848-7	1	1	1	1	1	1	1	2	1	1	1	1	1	1	1	1	1	1	2	2	1	1	1	0	1	1	1	1	1	0	1	1	1	1	1	1
A-015866-9	1	1	1	1	1	0	1	1	1	1	1	1	1	1	1	1	1	1	1	1	1	1	0	1	1	0	1	1	1	1	1	1	1	1	1	1
A-015938-6	1	1	1	1	1	1	1	1	1	1	1	0	1	1	1	1	1	1	1	1	1	1	1	2	1	1	1	1	1	1	1	1	1	1	1	1
A-015947-7	0	1	1	0	0	1	0	0	1	1	1	1	1	1	1	0	1	1	1	1	0	0	0	1	0	0	1	0	1	0	0	1	0	1	0	0
A-015956-8	0	1	1	1	0	1	1	1	1	1	0	1	1	0	1	0	0	1	0	0	0	1	1	0	1	1	1	1	1	0	0	0	0	0	0	0
A-015983-1	1	0	0	1	1	1	1	0	1	1	0	1	1	0	0	1	1	1	1	0	1	0	0	0	1	0	0	1	1	0	1	1	0	1	1	0
A-016199-3	1	1	0	1	1	1	1	0	0	1	1	1	0	1	1	1	0	0	1	1	0	0	1	0	1	1	0	1	0	0	1	0	1	1	0	0
A-016298-3	1	1	0	1	1	0	1	1	1	1	1	1	1	0	1	1	1	1	0	1	0	1	0	1	1	0	1	1	1	1	0	0	0	1	0	0
A-016388-2	1	1	1	1	1	1	1	0	1	1	1	1	2	1	1	1	1	1	1	1	0	1	1	1	1	1	1	1	1	1	1	0	1	1	0	1
A-016487-2	1	1	1	1	0	1	1	1	1	1	1	1	1	1	1	1	1	1	1	1	1	1	1	1	1	0	1	1	1	1	1	1	0	1	1	1
A-016496-3	0	1	1	1	1	1	1	1	1	1	1	0	1	0	1	1	0	1	0	1	1	1	0	0	1	1	0	1	1	1	0	1	1	1	0	0
A-016577-1	1	0	1	0	1	1	1	1	1	1	1	1	1	1	1	1	0	1	0	1	1	1	1	1	1	1	1	1	1	1	1	1	0	1	1	1
A-016586-2	1	1	1	1	1	1	1	1	1	1	2	1	1	2	1	1	1	1	1	1	1	1	1	1	1	2	1	1	1	1	1	1	0	1	1	1
A-016595-3	1	1	1	1	1	1	0	0	1	1	0	0	1	1	0	0	1	1	0	1	0	0	1	0	1	0	1	1	1	0	1	1	0	1	1	0
A-016676-1	1	1	1	1	1	1	1	1	1	1	1	1	0	1	1	0	0	1	1	0	1	1	1	1	1	1	1	0	1	0	0	0	0	0	1	0
A-016694-3	1	1	0	0	1	1	0	1	1	1	0	1	1	1	0	1	0	0	1	1	1	0	1	0	1	1	1	1	1	0	1	0	0	0	0	0
A-016739-7	1	1	1	1	1	1	1	1	1	1	0	0	1	1	1	1	1	1	1	1	0	1	1	0	1	1	1	0	1	0	1	0	1	1	1	1
A-016748-8	1	1	1	1	1	1	1	1	1	1	1	1	0	1	1	1	1	1	0	2	1	1	1	2	1	1	1	1	1	1	1	1	0	1	1	1
A-016793-3	1	1	1	1	1	1	1	0	1	1	1	1	1	1	1	1	1	1	1	1	1	1	1	1	1	1	1	1	1	0	1	1	1	1	1	1
A-016838-7	2	1	1	1	1	1	1	1	1	1	0	1	1	1	0	1	1	0	1	2	1	1	1	1	1	2	1	1	1	1	1	1	1	1	1	1
A-016847-8	1	1	1	2	1	1	1	1	0	1	1	1	0	0	1	1	1	2	1	0	0	1	1	1	1	1	1	1	1	1	1	1	1	1	0	1
A-016856-9	1	1	1	1	1	1	1	1	0	1	0	1	0	1	0	0	1	0	1	1	0	1	1	1	0	0	1	0	1	0	1	0	1	0	1	0
A-016928-6	1	1	1	1	1	2	1	0	1	0	1	1	0	0	1	1	2	1	1	1	0	1	0	1	1	1	0	1	0	1	1	1	1	1	1	1
A-016937-7	1	1	0	1	0	1	1	0	1	1	1	0	0	0	0	1	1	1	1	0	0	0	1	1	0	1	1	0	0	1	1	1	1	1	0	0
A-016973-1	1	0	0	1	0	0	1	0	0	1	0	1	1	0	0	1	0	0	0	0	1	0	0	1	1	0	1	1	0	0	0	1	1	1	1	0
A-016991-3	1	1	1	1	1	1	1	1	1	1	1	1	1	1	1	1	1	1	1	0	0	1	1	1	1	1	1	1	1	1	1	0	1	1	1	1
A-017189-3	0	0	0	0	1	0	0	1	0	0	1	1	0	1	1	1	1	1	0	1	0	1	1	0	1	0	1	1	1	0	1	1	1	1	0	0
A-017198-4	1	0	1	1	0	0	0	0	1	0	1	1	0	1	1	0	1	1	1	0	1	1	1	0	0	1	1	1	0	0	1	0	0	1	0	0
A-017279-2	2	0	1	1	1	1	1	1	1	0	1	0	1	1	1	1	1	1	1	1	1	1	1	1	1	1	1	1	1	0	1	1	1	1	1	1
A-017288-3	1	1	1	1	1	1	1	1	0	1	0	1	1	0	1	1	1	1	1	1	1	1	0	0	1	0	0	1	0	0	1	1	0	1	1	0
A-017297-4	1	1	1	1	1	1	1	1	1	1	1	1	1	1	1	1	1	1	1	1	1	1	1	1	0	1	1	1	1	1	0	1	1	1	1	1
A-017369-1	1	1	1	1	0	1	1	1	1	1	1	0	1	1	1	0	0	0	0	1	1	1	0	0	1	0	1	0	1	1	1	1	0	0	1	0
A-017378-2	1	1	1	1	1	1	2	1	2	1	2	1	0	1	1	1	1	1	1	1	1	1	1	1	1	1	1	1	1	1	0	1	1	0	1	1
A-017387-3	1	1	1	1	1	0	1	2	1	1	1	1	1	1	1	1	1	1	1	2	1	1	1	1	1	1	1	1	1	1	0	1	1	1	1	1
A-017459-0	1	1	1	1	1	1	1	1	1	1	1	1	1	1	2	1	1	1	1	1	1	1	1	1	1	1	1	1	1	1	1	1	1	1	1	1
A-017477-2	1	2	0	1	1	0	1	1	1	1	1	1	1	1	1	1	1	1	1	1	1	1	1	1	1	1	1	0	1	0	1	1	1	1	1	1
A-017495-4	1	1	1	1	1	1	0	1	1	0	1	1	1	1	0	0	0	1	0	1	1	0	0	1	1	0	1	1	0	0	0	1	1	0	1	0
A-017558-0	1	1	1	1	0	1	2	1	0	2	1	0	1	1	1	1	2	1	1	1	1	1	1	1	1	0	1	1	1	1	1	1	1	1	1	1
A-017567-1	1	1	1	1	1	1	1	1	1	0	1	1	1	1	1	1	1	2	0	1	1	1	1	1	1	1	1	1	1	1	1	1	1	0	1	1
A-017648-9	1	1	1	1	2	1	1	1	1	1	0	1	1	1	2	1	1	1	1	0	1	1	1	1	1	1	1	1	1	0	1	0	1	1	1	1
A-017666-1	1	1	1	1	1	1	1	1	1	1	0	1	0	0	1	1	0	1	1	0	1	1	0	1	0	1	1	1	1	1	0	0	0	1	0	0
A-017675-2	1	1	1	1	1	1	0	0	1	1	1	1	1	1	1	1	0	0	0	0	1	1	1	0	1	0	1	1	0	1	0	0	0	0	0	0
A-017693-4	1	0	1	1	0	1	1	0	0	0	1	1	1	1	1	0	1	1	0	0	0	0	1	0	1	1	0	1	1	0	0	1	1	0	1	0
A-017729-7	1	1	1	1	1	1	1	1	1	1	1	1	1	1	1	1	1	1	1	0	1	1	1	1	0	1	1	1	1	1	1	1	1	1	2	1
A-017738-8	1	1	1	0	1	1	0	0	1	1	1	0	0	0	1	0	0	1	1	0	1	1	0	1	1	1	0	1	0	0	0	0	1	0	0	0
A-017747-9	1	1	1	0	1	1	1	1	1	0	0	1	1	0	1	0	1	1	1	0	0	0	1	1	1	1	1	0	1	1	0	1	0	1	1	0
A-017756-0	1	1	1	1	1	1	0	1	1	2	1	1	1	1	1	1	0	1	1	1	1	0	1	1	1	1	1	1	0	1	0	1	1	1	1	1
A-017774-2	1	0	1	1	0	1	1	0	0	0	1	1	0	0	0	1	1	1	1	1	1	1	0	0	0	0	0	1	1	0	1	0	1	0	1	0
A-017783-3	1	1	0	0	1	1	1	1	1	0	0	1	1	1	1	1	1	1	1	1	1	1	1	2	1	1	1	1	1	1	1	1	1	2	1	1
A-017828-7	1	1	1	1	1	1	1	2	1	1	1	1	1	1	0	1	1	1	1	1	1	1	1	1	1	1	1	1	1	1	1	1	1	1	0	1
A-017846-9	1	0	0	1	1	1	1	0	1	0	1	1	1	1	0	1	0	0	1	1	1	1	0	1	1	0	0	1	1	0	1	1	1	0	1	0
A-017864-1	1	1	1	1	1	1	1	0	0	1	0	1	0	1	1	0	1	1	1	1	1	1	1	0	0	1	1	1	1	0	0	0	0	1	1	0
A-017873-2	1	1	1	1	1	1	1	1	0	1	0	1	0	0	0	1	0	1	1	1	0	1	0	1	1	0	0	0	0	0	1	1	1	0	1	0
A-017882-3	1	0	0	1	0	0	1	1	1	0	1	1	1	0	0	0	0	0	1	0	1	0	0	1	1	1	1	0	1	1	1	0	1	1	0	0
A-017927-7	0	1	1	1	1	1	0	0	0	0	1	0	1	1	0	1	1	1	1	1	1	1	0	1	1	0	1	0	1	0	0	1	0	1	0	0
A-017945-9	0	1	1	1	1	0	1	0	0	1	1	1	1	0	0	1	1	0	0	0	1	1	1	1	0	1	0	1	1	1	0	1	1	0	1	0
A-017954-0	1	1	1	1	1	1	1	1	1	1	1	1	1	1	2	1	1	1	0	0	1	1	1	1	1	1	1	1	1	1	1	1	1	1	1	1
A-017981-3	1	1	1	1	1	1	1	1	1	1	1	1	0	1	1	1	1	1	1	1	1	1	1	1	0	0	0	1	1	1	0	1	1	1	1	0
A-018179-3	1	0	1	1	1	0	1	1	1	1	1	1	1	0	1	1	1	1	1	0	0	1	0	1	1	1	0	1	1	0	1	0	0	1	0	0
A-018278-3	1	1	1	0	1	1	1	1	1	1	0	0	1	1	0	1	0	0	1	1	1	1	1	0	1	1	1	1	1	1	0	0	1	0	1	0
A-018287-4	0	0	1	1	1	0	1	1	1	0	0	1	1	1	1	1	1	1	1	1	1	1	1	0	1	1	0	0	1	0	0	1	0	0	1	0
A-018476-3	1	1	1	1	1	1	1	1	1	1	2	1	1	1	1	1	2	1	0	1	1	1	1	1	1	1	1	1	0	1	1	1	1	1	1	1
A-018494-5	1	1	1	1	2	1	1	1	1	1	1	0	1	1	1	1	1	1	1	1	0	1	1	1	1	1	1	1	1	1	0	1	1	0	1	1
A-018539-9	0	1	1	0	1	1	0	1	0	1	1	1	0	0	1	1	1	0	0	0	0	1	1	1	1	1	0	1	1	1	0	0	1	0	1	0
A-018557-1	1	1	0	0	1	0	1	1	1	1	1	1	2	1	1	0	1	1	1	1	1	1	1	1	1	1	1	0	1	1	0	1	1	1	1	1
A-018566-2	0	1	1	1	0	1	1	1	1	1	1	1	1	1	1	1	0	1	1	0	0	0	0	1	0	0	0	0	1	1	1	0	1	0	0	0
A-018575-3	1	1	1	1	0	0	1	1	1	1	0	1	1	0	1	0	1	0	1	0	1	1	1	1	1	1	0	1	0	1	1	1	0	1	0	0
A-018584-4	1	1	1	1	1	1	1	1	1	1	1	1	1	1	1	1	1	1	1	1	1	0	1	1	1	1	1	0	1	1	0	1	1	1	1	1
A-018593-5	2	1	1	1	1	1	1	1	1	1	1	1	0	1	1	1	1	1	1	1	1	2	1	1	1	1	1	1	1	0	1	1	1	1	1	1
A-018638-9	1	2	1	1	1	1	1	1	1	1	1	1	1	1	1	1	1	1	1	1	1	0	1	1	1	1	1	1	1	1	1	1	1	1	1	1
A-018647-0	1	1	1	1	2	2	1	1	1	0	0	1	1	1	1	1	1	1	1	1	1	1	1	1	1	1	1	1	1	1	1	1	1	1	0	1
A-018665-2	1	1	1	1	1	1	1	1	1	1	1	1	2	1	1	1	1	0	1	1	1	1	1	0	1	1	1	1	1	1	1	0	1	1	1	1
A-018683-4	1	1	1	0	1	1	1	1	0	1	1	1	1	1	0	1	0	1	1	0	0	1	0	1	1	1	1	0	1	0	1	1	1	1	0	0
A-018692-5	1	1	1	1	1	1	1	1	0	0	2	0	1	1	1	0	1	1	1	1	1	1	1	1	1	1	1	1	1	1	1	1	1	1	2	1
A-018719-7	1	1	1	1	1	0	1	0	1	1	1	1	1	0	1	1	1	0	0	1	0	0	1	0	1	0	1	1	1	1	0	1	0	0	0	0
A-018728-8	1	0	0	1	1	0	0	1	1	1	0	1	1	1	1	0	1	1	0	0	0	1	0	0	0	0	1	0	0	0	0	1	0	0	0	0